{"cameraMode":{"drawMode":0,"name":"Shaded","section":"Shading Mode"},"sceneLighting":true,"audioPlay":false,"sceneViewState":{"showFog":true,"showMaterialUpdate":true,"showSkybox":true,"showFlares":true,"showImageEffects":true,"showParticleSystems":true},"in2DMode":false,"pivot":{"x":12.553605079650879,"y":-35.11328125,"z":54.31355285644531},"rotation":{"x":-0.4752938151359558,"y":0.020472606644034387,"z":-0.011395983397960663,"w":-0.8798224925994873},"size":324.41876220703127,"orthographic":false}