{"cameraMode":{"drawMode":0,"name":"Shaded","section":"Shading Mode"},"sceneLighting":false,"audioPlay":false,"sceneViewState":{"showFog":true,"showMaterialUpdate":true,"showSkybox":false,"showFlares":true,"showImageEffects":true,"showParticleSystems":true},"in2DMode":false,"pivot":{"x":0.3463478088378906,"y":4.5003557205200199,"z":-0.7620754241943359},"rotation":{"x":0.02681930921971798,"y":-0.9694456458091736,"z":0.12461964786052704,"w":0.20998525619506837},"size":27.234878540039064,"orthographic":false}